goaltime,average,changepoint,1deg,2deg,3deg
22.66033,22.66033,3.284898,0,0,0
23.30034,22.98034,3.884747,0,0,0
